{"cameraMode":{"drawMode":0,"name":"Shaded","section":"Shading Mode"},"sceneLighting":true,"audioPlay":false,"sceneViewState":{"m_AlwaysRefresh":false,"showFog":true,"showSkybox":true,"showFlares":true,"showImageEffects":true,"showParticleSystems":true,"showVisualEffectGraphs":true,"m_FxEnabled":true},"in2DMode":false,"pivot":{"x":2.496720552444458,"y":-3.734516143798828,"z":24.29993438720703},"rotation":{"x":-0.12201486527919769,"y":-0.03482218459248543,"z":0.004311929922550917,"w":-0.9918928742408752},"size":18.953521728515626,"orthographic":false}